Name,Team,espn_id,H,AVG,HR,TB,BB,R,RBI,SB
Shohei Ohtani,LAD,39832,171.0,0.287,50.0,363.0,97.0,131.0,109.0,23.0
Aaron Judge,NYY,33192,170.0,0.309,53.0,362.0,126.0,133.0,126.0,11.0
Juan Soto,NYM,36969,156.0,0.276,43.0,314.0,137.0,119.0,110.0,19.0
Bobby Witt Jr.,KC,42403,189.0,0.303,30.0,337.0,49.0,108.0,97.0,37.0
Jose Ramirez,CLE,32801,168.0,0.281,31.0,303.0,63.0,102.0,90.0,42.0
Kyle Tucker,LAD,34967,142.0,0.269,31.0,267.0,83.0,97.0,88.0,25.0
Ronald Acuna Jr.,ATL,36185,161.0,0.297,32.0,285.0,97.0,115.0,70.0,15.0
Ketel Marte,ARI,32512,147.0,0.291,29.0,264.0,65.0,93.0,81.0,6.0
Cal Raleigh,SEA,41292,136.0,0.237,45.0,293.0,83.0,103.0,115.0,13.0
Fernando Tatis Jr.,SD,35983,160.0,0.271,27.0,277.0,73.0,107.0,76.0,28.0
Junior Caminero,TB,4905921,159.0,0.261,37.0,301.0,43.0,90.0,105.0,6.0
Corbin Carroll,ARI,42404,143.0,0.26,28.0,283.0,64.0,107.0,77.0,33.0
Gunnar Henderson,BAL,42507,164.0,0.273,25.0,282.0,65.0,102.0,84.0,25.0
Kyle Schwarber,PHI,33712,138.0,0.238,43.0,293.0,109.0,107.0,119.0,8.0
Manny Machado,SD,31097,165.0,0.275,29.0,283.0,51.0,88.0,101.0,13.0
Julio Rodriguez,SEA,41044,172.0,0.273,29.0,291.0,43.0,105.0,95.0,30.0
Vladimir Guerrero Jr.,TOR,35002,180.0,0.3,26.0,294.0,76.0,96.0,92.0,6.0
William Contreras,MIL,39895,154.0,0.277,18.0,242.0,79.0,95.0,83.0,6.0
Alex Bregman,CHC,34886,146.0,0.265,25.0,254.0,61.0,83.0,82.0,1.0
Yordan Alvarez,HOU,36018,146.0,0.296,30.0,268.0,74.0,76.0,89.0,3.0
Jackson Chourio,MIL,4917869,163.0,0.275,23.0,274.0,39.0,100.0,89.0,25.0
Mookie Betts,LAD,33039,151.0,0.272,21.0,246.0,67.0,96.0,87.0,9.0
Brent Rooker,OAK,40926,158.0,0.268,34.0,299.0,63.0,87.0,95.0,6.0
Nico Hoerner,CHC,41219,168.0,0.281,7.0,225.0,41.0,85.0,56.0,29.0
Francisco Lindor,NYM,32129,149.0,0.263,27.0,264.0,57.0,102.0,81.0,27.0
Cody Bellinger,NYY,33912,145.0,0.262,27.0,258.0,47.0,82.0,86.0,11.0
Steven Kwan,CLE,41996,170.0,0.276,9.0,232.0,60.0,87.0,54.0,21.0
Roman Anthony,BOS,5080767,156.0,0.294,17.0,253.0,104.0,97.0,65.0,11.0
Elly De La Cruz,CIN,4917694,161.0,0.258,25.0,283.0,67.0,105.0,86.0,43.0
Jarren Duran,BOS,41610,164.0,0.267,17.0,287.0,58.0,93.0,82.0,24.0
Jose Altuve,HOU,31662,153.0,0.266,21.0,244.0,53.0,84.0,71.0,11.0
Ben Rice,NYY,5016968,128.0,0.26,30.0,254.0,50.0,82.0,75.0,3.0
Maikel Garcia,KC,4905884,159.0,0.278,12.0,237.0,54.0,79.0,61.0,23.0
George Springer,TOR,32078,139.0,0.269,24.0,238.0,62.0,93.0,72.0,17.0
Geraldo Perdomo,ARI,41355,154.0,0.274,13.0,232.0,81.0,89.0,69.0,22.0
Jazz Chisholm Jr.,NYY,41433,125.0,0.247,31.0,240.0,53.0,80.0,84.0,32.0
Jackson Merrill,SD,4872691,148.0,0.276,19.0,248.0,36.0,72.0,81.0,9.0
Matt Olson,ATL,32767,162.0,0.265,32.0,299.0,87.0,97.0,105.0,1.0
Brice Turang,MIL,41179,157.0,0.265,15.0,235.0,64.0,92.0,74.0,34.0
Christian Yelich,MIL,31283,148.0,0.265,25.0,249.0,69.0,91.0,95.0,17.0
Pete Crow-Armstrong,CHC,4717833,142.0,0.242,26.0,267.0,31.0,88.0,88.0,35.0
Shea Langeliers,OAK,42598,126.0,0.262,29.0,242.0,37.0,69.0,76.0,7.0
Ozzie Albies,ATL,33783,139.0,0.25,18.0,223.0,47.0,74.0,77.0,13.0
Pete Alonso,BAL,37498,156.0,0.261,34.0,297.0,59.0,85.0,110.0,1.0
Ian Happ,CHC,34945,142.0,0.248,24.0,249.0,86.0,86.0,81.0,7.0
Nick Kurtz,OAK,4966637,145.0,0.264,42.0,310.0,79.0,107.0,106.0,2.0
Trea Turner,PHI,33710,169.0,0.283,18.0,265.0,41.0,93.0,69.0,33.0
Taylor Ward,BAL,34923,136.0,0.237,28.0,253.0,70.0,81.0,90.0,4.0
Will Smith,LAD,38309,108.0,0.27,17.0,182.0,59.0,72.0,69.0,2.0
Vinnie Pasquantino,KC,4109109,162.0,0.269,34.0,301.0,52.0,75.0,111.0,1.0
Seiya Suzuki,CHC,4142424,146.0,0.263,27.0,265.0,66.0,74.0,91.0,6.0
James Wood,WSH,4918256,151.0,0.26,27.0,273.0,84.0,84.0,88.0,17.0
Drake Baldwin,ATL,4810190,129.0,0.274,20.0,212.0,50.0,59.0,88.0,0.0
Josh Naylor,SEA,35066,152.0,0.276,21.0,245.0,48.0,79.0,99.0,20.0
Gleyber Torres,DET,33804,139.0,0.259,17.0,214.0,79.0,78.0,67.0,4.0
Randy Arozarena,SEA,36488,137.0,0.231,23.0,238.0,71.0,98.0,77.0,30.0
Adley Rutschman,BAL,42178,131.0,0.248,15.0,204.0,68.0,66.0,63.0,0.0
Austin Riley,ATL,34982,148.0,0.271,28.0,269.0,48.0,86.0,75.0,1.0
Wyatt Langford,TEX,4719324,130.0,0.252,26.0,238.0,70.0,83.0,74.0,22.0
Salvador Perez,KC,31127,143.0,0.258,30.0,263.0,28.0,54.0,94.0,0.0
Freddie Freeman,LAD,30193,154.0,0.283,23.0,266.0,62.0,84.0,87.0,6.0
Corey Seager,TEX,32691,134.0,0.287,31.0,253.0,61.0,80.0,76.0,2.0
Brandon Nimmo,TEX,32159,145.0,0.252,25.0,251.0,62.0,87.0,90.0,13.0
Yainer Diaz,HOU,4781491,154.0,0.278,21.0,246.0,21.0,63.0,77.0,1.0
Alec Burleson,STL,4345070,147.0,0.279,20.0,236.0,39.0,62.0,75.0,7.0
Eugenio Suarez,CIN,32367,140.0,0.239,39.0,282.0,49.0,92.0,119.0,3.0
Luke Keaschall,MIN,4977664,133.0,0.265,13.0,203.0,63.0,65.0,61.0,24.0
Rafael Devers,SF,33859,147.0,0.254,33.0,275.0,81.0,96.0,99.0,1.0
Riley Greene,DET,42179,150.0,0.255,30.0,276.0,52.0,81.0,93.0,3.0
Bo Bichette,NYM,38904,172.0,0.292,17.0,263.0,37.0,73.0,85.0,6.0
Bryce Harper,PHI,30951,142.0,0.272,26.0,255.0,76.0,80.0,80.0,13.0
Matt Chapman,SF,33857,118.0,0.238,22.0,217.0,68.0,80.0,65.0,10.0
Tyler Soderstrom,OAK,4686066,150.0,0.261,25.0,260.0,57.0,71.0,88.0,8.0
Agustin Ramirez,MIA,5132014,130.0,0.247,20.0,225.0,43.0,75.0,71.0,17.0
Yandy Diaz,TB,33481,160.0,0.281,19.0,252.0,54.0,74.0,76.0,2.0
Brendan Donovan,SEA,41773,135.0,0.284,11.0,199.0,44.0,63.0,54.0,4.0
Bryan Reynolds,PIT,38980,157.0,0.26,21.0,260.0,58.0,72.0,79.0,4.0
Caleb Durbin,BOS,5007615,119.0,0.257,11.0,180.0,39.0,64.0,54.0,21.0
Willy Adames,SF,33675,131.0,0.227,28.0,243.0,75.0,86.0,89.0,12.0
Byron Buxton,MIN,32655,119.0,0.252,31.0,246.0,37.0,85.0,72.0,21.0
Marcus Semien,NYM,32146,104.0,0.232,16.0,169.0,47.0,64.0,56.0,9.0
Michael Harris II,ATL,42470,164.0,0.267,22.0,269.0,22.0,68.0,81.0,22.0
Andy Pages,LAD,42468,146.0,0.261,22.0,242.0,36.0,78.0,79.0,13.0
Jeremy Pena,HOU,41273,159.0,0.281,17.0,246.0,38.0,79.0,68.0,21.0
Oneil Cruz,PIT,39712,116.0,0.226,22.0,211.0,67.0,68.0,68.0,32.0
Hunter Goodman,COL,4416591,136.0,0.253,31.0,268.0,38.0,64.0,87.0,1.0
Alejandro Kirk,TOR,42081,121.0,0.274,12.0,177.0,47.0,41.0,70.0,1.0
Jakob Marsee,MIA,4866735,131.0,0.244,13.0,207.0,83.0,73.0,60.0,41.0
Daylen Lile,WSH,4917889,143.0,0.272,13.0,237.0,35.0,66.0,60.0,14.0
Jacob Wilson,OAK,4719300,163.0,0.302,10.0,228.0,31.0,71.0,66.0,5.0
Jung Hoo Lee,SF,5134621,150.0,0.269,8.0,219.0,42.0,70.0,51.0,10.0
CJ Abrams,WSH,42402,143.0,0.253,19.0,242.0,38.0,87.0,62.0,31.0
Kyle Stowers,MIA,42796,121.0,0.259,26.0,229.0,54.0,66.0,82.0,4.0
Luis Arraez,SF,39572,189.0,0.302,7.0,248.0,30.0,71.0,59.0,7.0
Gabriel Moreno,ARI,42464,107.0,0.279,10.0,159.0,42.0,52.0,55.0,3.0
Sal Frelick,MIL,4417795,143.0,0.267,9.0,198.0,48.0,78.0,58.0,20.0
Zach Neto,LAA,4666100,140.0,0.254,27.0,254.0,41.0,87.0,72.0,31.0
Bryson Stott,PHI,42417,134.0,0.256,12.0,199.0,53.0,67.0,63.0,26.0
Teoscar Hernandez,LAD,33377,142.0,0.254,27.0,255.0,35.0,74.0,97.0,7.0
Xavier Edwards,MIA,41326,158.0,0.284,3.0,198.0,53.0,74.0,43.0,28.0
Otto Lopez,MIA,41917,144.0,0.261,13.0,209.0,39.0,69.0,71.0,16.0
Brandon Lowe,PIT,39961,122.0,0.252,26.0,222.0,42.0,72.0,79.0,3.0
TJ Friedl,CIN,36020,141.0,0.247,14.0,210.0,69.0,77.0,65.0,11.0
Michael Busch,CHC,42415,135.0,0.254,32.0,266.0,60.0,78.0,85.0,4.0
Ernie Clement,TOR,41287,137.0,0.275,9.0,198.0,24.0,70.0,53.0,6.0
Jac Caglianone,KC,4926296,114.0,0.243,20.0,196.0,54.0,63.0,69.0,4.0
Dansby Swanson,CHC,34895,142.0,0.245,23.0,242.0,51.0,82.0,74.0,19.0
Kazuma Okamoto,TOR,5134636,131.0,0.248,23.0,231.0,66.0,54.0,66.0,1.0
Ryan O'Hearn,PIT,35183,128.0,0.264,13.0,197.0,50.0,67.0,67.0,3.0
Heliot Ramos,SF,39642,155.0,0.25,23.0,255.0,51.0,80.0,77.0,6.0
J.T. Realmuto,PHI,32177,118.0,0.252,14.0,189.0,33.0,55.0,51.0,7.0
Jo Adell,LAA,40854,124.0,0.233,35.0,249.0,41.0,66.0,91.0,7.0
Luis Garcia Jr.,WSH,40459,135.0,0.268,16.0,214.0,28.0,65.0,66.0,16.0
Isaac Paredes,HOU,39706,118.0,0.248,22.0,207.0,63.0,64.0,74.0,0.0
Christian Walker,HOU,32758,143.0,0.245,30.0,262.0,49.0,78.0,95.0,2.0
Ceddanne Rafaela,BOS,4987382,138.0,0.251,17.0,230.0,25.0,80.0,67.0,20.0
J.P. Crawford,SEA,33210,141.0,0.255,13.0,205.0,77.0,79.0,60.0,8.0
Jeff McNeil,OAK,33900,108.0,0.251,11.0,172.0,43.0,52.0,50.0,3.0
Wilyer Abreu,BOS,4990055,110.0,0.252,23.0,205.0,53.0,66.0,75.0,8.0
Marcell Ozuna,PIT,31668,132.0,0.26,23.0,225.0,75.0,67.0,75.0,0.0
Daulton Varsho,TOR,40963,102.0,0.219,24.0,203.0,39.0,72.0,74.0,6.0
Lawrence Butler,OAK,4917919,140.0,0.242,21.0,238.0,57.0,83.0,67.0,23.0
Spencer Torkelson,DET,4424286,143.0,0.243,32.0,271.0,72.0,85.0,81.0,2.0
Adolis Garcia,PHI,35537,121.0,0.231,25.0,223.0,37.0,69.0,83.0,14.0
Alec Bohm,PHI,41169,135.0,0.278,12.0,201.0,33.0,54.0,69.0,2.0
Samuel Basallo,BAL,4917646,94.0,0.248,22.0,179.0,43.0,48.0,60.0,3.0
Jorge Polanco,NYM,32525,116.0,0.247,23.0,209.0,48.0,65.0,77.0,6.0
Xander Bogaerts,SD,31606,143.0,0.267,13.0,214.0,48.0,70.0,57.0,20.0
Kerry Carpenter,DET,42714,122.0,0.251,26.0,231.0,27.0,67.0,72.0,1.0
Nolan Arenado,ARI,31261,121.0,0.256,15.0,191.0,35.0,58.0,63.0,3.0
Noelvi Marte,CIN,41307,136.0,0.256,17.0,218.0,35.0,71.0,71.0,18.0
Matt McLain,CIN,4422899,120.0,0.235,16.0,194.0,52.0,79.0,57.0,17.0
Austin Wells,NYY,4683349,86.0,0.225,19.0,167.0,36.0,50.0,70.0,3.0
Mike Trout,LAA,30836,104.0,0.235,26.0,199.0,82.0,71.0,62.0,2.0
Jake Cronenworth,SD,36364,110.0,0.24,13.0,178.0,61.0,62.0,62.0,3.0
Kyle Teel,CWS,4743772,98.0,0.255,12.0,152.0,60.0,57.0,48.0,6.0
Chandler Simpson,TB,4679983,128.0,0.287,0.0,154.0,27.0,56.0,28.0,50.0
Miguel Vargas,CWS,42453,113.0,0.226,15.0,193.0,66.0,78.0,61.0,7.0
Jonathan India,KC,41171,118.0,0.245,12.0,186.0,57.0,72.0,52.0,6.0
Andrew Benintendi,CWS,34986,108.0,0.242,16.0,177.0,41.0,55.0,57.0,1.0
Willson Contreras,BOS,32532,131.0,0.264,23.0,233.0,55.0,72.0,78.0,5.0
Jackson Holliday,BAL,5080633,139.0,0.249,17.0,218.0,59.0,81.0,58.0,16.0
Ryan Jeffers,MIN,41587,103.0,0.252,14.0,170.0,44.0,51.0,53.0,1.0
Ramon Laureano,SD,35142,118.0,0.268,20.0,211.0,35.0,66.0,65.0,7.0
Lars Nootbaar,STL,4448736,114.0,0.239,14.0,182.0,65.0,65.0,50.0,4.0
Carlos Correa,HOU,32653,141.0,0.275,15.0,213.0,49.0,63.0,57.0,0.0
Dylan Crews,WSH,4719511,111.0,0.236,14.0,178.0,39.0,62.0,50.0,31.0
Carter Jensen,KC,4917812,75.0,0.27,10.0,126.0,42.0,38.0,40.0,3.0
Trent Grisham,NYY,34995,92.0,0.227,25.0,182.0,61.0,70.0,63.0,2.0
Ivan Herrera,STL,41889,125.0,0.28,17.0,196.0,57.0,65.0,69.0,10.0
Nolan Schanuel,LAA,4739755,129.0,0.262,11.0,185.0,61.0,62.0,49.0,6.0
Luis Robert Jr.,NYM,39631,104.0,0.23,20.0,182.0,40.0,65.0,58.0,37.0
Trevor Larnach,MIN,41205,121.0,0.244,19.0,207.0,61.0,67.0,65.0,4.0
Spencer Steer,CIN,4722857,128.0,0.244,20.0,220.0,58.0,68.0,82.0,9.0
Gavin Sheets,SD,40700,118.0,0.248,15.0,192.0,40.0,48.0,63.0,2.0
Addison Barger,TOR,4997589,118.0,0.245,19.0,208.0,43.0,62.0,72.0,5.0
Francisco Alvarez,NYM,41253,82.0,0.234,20.0,158.0,36.0,47.0,55.0,0.0
Trevor Story,BOS,32150,138.0,0.253,21.0,229.0,32.0,75.0,81.0,25.0
Jasson Dominguez,NYY,42401,105.0,0.25,14.0,167.0,49.0,66.0,55.0,25.0
Andrew Vaughn,MIL,42394,132.0,0.255,20.0,221.0,42.0,69.0,79.0,0.0
Max Muncy,LAD,33303,84.0,0.237,21.0,164.0,60.0,58.0,69.0,4.0
Harrison Bader,SF,35062,110.0,0.247,15.0,178.0,30.0,57.0,52.0,10.0
Dillon Dingler,DET,4345620,112.0,0.268,14.0,179.0,33.0,50.0,57.0,0.0
Andres Gimenez,TOR,37729,122.0,0.242,10.0,175.0,32.0,60.0,53.0,20.0
Giancarlo Stanton,NYY,30583,106.0,0.238,33.0,222.0,46.0,57.0,98.0,0.0
Jonathan Aranda,TB,40810,128.0,0.281,20.0,215.0,61.0,70.0,69.0,0.0
Cedric Mullins,TB,35578,87.0,0.215,13.0,152.0,45.0,56.0,56.0,21.0
Masyn Winn,STL,4683365,138.0,0.252,13.0,207.0,41.0,78.0,55.0,10.0
Tyler Stephenson,CIN,34975,87.0,0.24,14.0,150.0,42.0,51.0,56.0,0.0
Chase Meidroth,CWS,5136929,124.0,0.253,7.0,167.0,69.0,65.0,34.0,16.0
Sal Stewart,CIN,5080771,105.0,0.271,20.0,189.0,38.0,57.0,56.0,7.0
Chase DeLauter,CLE,4619649,78.0,0.227,10.0,129.0,53.0,44.0,39.0,1.0
Carson Kelly,CHC,32797,86.0,0.246,14.0,142.0,37.0,43.0,45.0,2.0
Bo Naylor,CLE,41183,75.0,0.207,14.0,139.0,47.0,47.0,46.0,2.0
Brenton Doyle,COL,42462,127.0,0.234,18.0,211.0,37.0,62.0,59.0,21.0
Royce Lewis,MIN,40635,101.0,0.248,18.0,174.0,30.0,46.0,60.0,13.0
Brooks Lee,MIN,4629081,116.0,0.24,15.0,187.0,37.0,50.0,63.0,3.0
Ezequiel Tovar,COL,4905919,160.0,0.262,21.0,270.0,25.0,71.0,65.0,7.0
Dominic Canzone,SEA,4345621,113.0,0.266,18.0,185.0,37.0,55.0,57.0,5.0
Keibert Ruiz,WSH,38827,108.0,0.252,10.0,158.0,19.0,39.0,49.0,1.0
Evan Carter,TEX,4917921,100.0,0.236,16.0,175.0,61.0,71.0,54.0,31.0
Brandon Marsh,PHI,40803,116.0,0.267,13.0,185.0,45.0,61.0,56.0,14.0
Jorge Soler,LAA,32558,92.0,0.227,22.0,178.0,49.0,57.0,54.0,0.0
Mike Yastrzemski,ATL,33341,98.0,0.232,17.0,178.0,53.0,63.0,49.0,5.0
Logan O'Hoppe,LAA,42047,99.0,0.232,20.0,172.0,27.0,45.0,49.0,2.0
Willi Castro,COL,34230,99.0,0.251,10.0,156.0,36.0,61.0,37.0,14.0
Munetaka Murakami,CWS,4872595,106.0,0.228,25.0,196.0,67.0,65.0,66.0,8.0
Austin Hays,CWS,36928,114.0,0.254,16.0,192.0,31.0,67.0,64.0,8.0
Wenceel Perez,DET,41586,96.0,0.235,15.0,173.0,40.0,55.0,43.0,10.0
Tommy Edman,LAD,39907,98.0,0.236,13.0,157.0,29.0,54.0,51.0,5.0
Mickey Moniak,COL,36181,109.0,0.267,18.0,195.0,19.0,52.0,56.0,9.0
Jordan Westburg,BAL,4298641,123.0,0.262,21.0,215.0,29.0,72.0,62.0,4.0
Freddy Fermin,SD,41928,92.0,0.26,7.0,128.0,25.0,40.0,36.0,1.0
Kyle Manzardo,CLE,4917927,120.0,0.238,25.0,225.0,62.0,55.0,68.0,2.0
Colt Keith,DET,4683384,120.0,0.258,14.0,190.0,46.0,62.0,55.0,2.0
Gavin Lux,TB,40423,117.0,0.26,6.0,172.0,56.0,55.0,54.0,3.0
Edgar Quero,CWS,4917824,91.0,0.261,6.0,123.0,43.0,33.0,40.0,0.0
Josh Lowe,LAA,40557,110.0,0.229,16.0,188.0,40.0,62.0,55.0,23.0
Jesus Sanchez,TOR,39957,99.0,0.241,15.0,169.0,42.0,55.0,49.0,12.0
Matt Wallner,MIN,42427,86.0,0.222,23.0,183.0,52.0,54.0,54.0,5.0
Carlos Narvaez,BOS,5012120,96.0,0.232,13.0,160.0,53.0,54.0,51.0,2.0
Colson Montgomery,CWS,4872685,100.0,0.217,21.0,182.0,49.0,57.0,65.0,5.0
Parker Meadows,DET,41223,102.0,0.228,12.0,180.0,55.0,61.0,44.0,12.0
Josh Bell,MIN,32517,120.0,0.253,21.0,207.0,59.0,54.0,64.0,0.0
Patrick Bailey,SF,4345843,100.0,0.228,9.0,150.0,34.0,49.0,59.0,1.0
Colton Cowser,BAL,4416990,107.0,0.222,22.0,198.0,53.0,72.0,67.0,23.0
Jake Burger,TEX,39882,123.0,0.244,28.0,233.0,26.0,66.0,79.0,1.0
Carson Benge,NYM,4925604,83.0,0.218,15.0,143.0,47.0,53.0,47.0,11.0
Dylan Beavers,BAL,4959037,96.0,0.246,16.0,162.0,68.0,57.0,42.0,15.0
Miguel Andujar,SD,33743,105.0,0.278,9.0,156.0,24.0,40.0,49.0,1.0
Danny Jansen,TEX,35004,55.0,0.215,14.0,109.0,33.0,36.0,35.0,0.0
JJ Wetherholt,STL,4941056,98.0,0.251,10.0,151.0,63.0,52.0,37.0,20.0
Alek Thomas,ARI,41215,118.0,0.244,11.0,181.0,26.0,58.0,48.0,8.0
Cam Smith,HOU,5080766,121.0,0.242,10.0,183.0,50.0,64.0,59.0,9.0
Josh Smith,TEX,42884,121.0,0.251,12.0,185.0,51.0,72.0,44.0,11.0
Victor Scott II,STL,4807220,104.0,0.226,6.0,139.0,43.0,58.0,40.0,39.0
Brett Baty,NYM,42414,101.0,0.23,19.0,175.0,43.0,56.0,56.0,8.0
Sean Murphy,ATL,33557,70.0,0.216,17.0,135.0,39.0,40.0,48.0,0.0
Coby Mayo,BAL,4683371,89.0,0.223,16.0,162.0,50.0,46.0,48.0,5.0
Zach McKinstry,DET,38420,95.0,0.242,8.0,152.0,37.0,53.0,37.0,16.0
Kyle Isbel,KC,41263,90.0,0.239,7.0,137.0,26.0,51.0,38.0,7.0
Jake Meyers,HOU,40719,99.0,0.254,7.0,141.0,35.0,54.0,36.0,15.0
Victor Caratini,MIN,33229,60.0,0.27,7.0,91.0,18.0,26.0,31.0,1.0
Jordan Beck,COL,4619460,133.0,0.241,17.0,224.0,52.0,57.0,52.0,19.0
Jose Caballero,NYY,42135,74.0,0.226,6.0,111.0,38.0,49.0,37.0,41.0
Pedro Pages,STL,42608,86.0,0.231,12.0,138.0,28.0,40.0,46.0,0.0
Justin Crawford,PHI,5080642,98.0,0.253,6.0,139.0,46.0,48.0,29.0,20.0
Luis Rengifo,MIL,37237,114.0,0.259,10.0,166.0,33.0,53.0,43.0,11.0
Joey Ortiz,MIL,42958,121.0,0.244,9.0,177.0,39.0,68.0,56.0,16.0
Owen Caissie,MIA,4917685,99.0,0.231,15.0,173.0,59.0,53.0,48.0,6.0
Connor Norby,MIA,4417606,118.0,0.254,15.0,191.0,41.0,67.0,54.0,11.0
Kyle Higashioka,TEX,30545,71.0,0.25,14.0,130.0,18.0,36.0,50.0,3.0
Jordan Walker,STL,4684778,102.0,0.22,14.0,168.0,39.0,47.0,49.0,11.0
Ke'Bryan Hayes,CIN,35020,127.0,0.238,11.0,183.0,36.0,55.0,51.0,12.0
Joey Bart,PIT,41168,78.0,0.25,7.0,114.0,38.0,31.0,38.0,1.0
Isaac Collins,KC,42959,89.0,0.247,8.0,139.0,67.0,54.0,48.0,17.0
Tyler Freeman,COL,40958,89.0,0.267,5.0,123.0,31.0,45.0,30.0,16.0
Mark Vientos,NYM,41034,108.0,0.236,21.0,195.0,37.0,51.0,66.0,1.0
Spencer Horwitz,PIT,4228472,108.0,0.27,11.0,171.0,55.0,56.0,53.0,0.0
Nathan Lukes,TOR,35682,80.0,0.261,8.0,122.0,32.0,42.0,46.0,2.0
Josh Jung,TEX,42437,127.0,0.256,18.0,206.0,27.0,60.0,65.0,5.0
Liam Hicks,MIA,4725251,72.0,0.242,5.0,102.0,41.0,34.0,38.0,2.0
Lourdes Gurriel Jr.,ARI,36040,71.0,0.262,10.0,116.0,16.0,31.0,42.0,5.0
Nolan Gorman,STL,41174,93.0,0.207,22.0,179.0,53.0,59.0,65.0,2.0
Ryan McMahon,NYY,33247,117.0,0.22,23.0,212.0,67.0,62.0,55.0,3.0
Tyler O'Neill,BAL,34168,75.0,0.221,18.0,143.0,42.0,44.0,41.0,7.0
Kevin McGonigle,DET,5149072,86.0,0.261,10.0,144.0,44.0,44.0,47.0,11.0
Lane Thomas,KC,36409,90.0,0.23,14.0,153.0,33.0,52.0,49.0,12.0
Ryan Waldschmidt,ARI,5129344,58.0,0.274,5.0,90.0,37.0,35.0,21.0,15.0
Miguel Amaya,CHC,38905,45.0,0.234,5.0,70.0,15.0,21.0,31.0,0.0
Christopher Morel,MIA,42927,101.0,0.22,17.0,178.0,49.0,59.0,57.0,12.0
Victor Robles,SEA,35042,77.0,0.252,4.0,110.0,19.0,43.0,34.0,23.0
Brayan Rocchio,CLE,41217,84.0,0.226,6.0,127.0,35.0,41.0,42.0,9.0
Mauricio Dubon,ATL,35304,92.0,0.262,6.0,133.0,19.0,45.0,36.0,3.0
Jake Fraley,TB,37974,74.0,0.251,6.0,111.0,33.0,39.0,34.0,8.0
Cole Young,SEA,5080641,87.0,0.228,6.0,127.0,51.0,46.0,38.0,5.0
Marcelo Mayer,BOS,4872648,90.0,0.232,11.0,154.0,33.0,55.0,46.0,10.0
Nick Castellanos,SD,31187,84.0,0.255,12.0,141.0,20.0,41.0,46.0,2.0
Moises Ballesteros,CHC,4987418,89.0,0.266,10.0,137.0,36.0,35.0,43.0,1.0
Jake Mangum,PIT,42664,75.0,0.262,2.0,100.0,15.0,28.0,27.0,16.0
Christian Moore,LAA,4927523,104.0,0.227,14.0,164.0,58.0,52.0,49.0,7.0
Nick Fortes,TB,41674,66.0,0.216,7.0,102.0,16.0,29.0,29.0,1.0
George Valera,CLE,41030,83.0,0.208,12.0,138.0,60.0,43.0,38.0,3.0
Luisangel Acuna,CWS,42411,109.0,0.231,5.0,147.0,33.0,63.0,32.0,36.0
Anthony Volpe,NYY,42547,102.0,0.224,13.0,173.0,36.0,57.0,55.0,17.0
Henry Davis,PIT,4418683,59.0,0.212,8.0,95.0,28.0,31.0,26.0,4.0
Jake McCarthy,COL,41197,73.0,0.253,5.0,110.0,23.0,36.0,26.0,13.0
Jordan Lawlar,ARI,4872649,104.0,0.24,9.0,173.0,49.0,52.0,44.0,21.0
Heriberto Hernandez,MIA,42455,58.0,0.222,9.0,98.0,37.0,36.0,35.0,2.0
Konnor Griffin,PIT,5218285,96.0,0.234,12.0,151.0,30.0,64.0,69.0,18.0
Jose Trevino,CIN,35268,45.0,0.238,4.0,67.0,12.0,22.0,18.0,0.0
Nick Gonzales,PIT,4311634,85.0,0.254,6.0,127.0,22.0,38.0,31.0,0.0
Harry Ford,WSH,4872682,37.0,0.226,4.0,56.0,28.0,21.0,19.0,7.0
Javier Baez,DET,32127,97.0,0.233,10.0,150.0,14.0,49.0,53.0,5.0
Hunter Feduccia,TB,41801,46.0,0.198,3.0,68.0,42.0,23.0,23.0,2.0
Tyrone Taylor,NYM,32783,73.0,0.231,5.0,113.0,16.0,38.0,32.0,12.0
Joc Pederson,TEX,31392,62.0,0.229,15.0,120.0,40.0,41.0,40.0,3.0
Lenyn Sosa,CWS,41684,92.0,0.256,14.0,149.0,14.0,36.0,45.0,2.0
Dalton Rushing,LAD,4619839,56.0,0.219,10.0,96.0,34.0,29.0,35.0,0.0
Ha-Seong Kim,ATL,4089862,74.0,0.231,8.0,109.0,42.0,43.0,34.0,14.0
Brooks Baldwin,CWS,4424742,75.0,0.247,10.0,121.0,23.0,33.0,34.0,8.0
Jared Triolo,PIT,42933,64.0,0.231,6.0,97.0,35.0,33.0,24.0,8.0
Max Muncy,OAK,4872686,105.0,0.24,14.0,168.0,31.0,44.0,50.0,6.0
Angel Martinez,CLE,42497,85.0,0.228,8.0,134.0,26.0,45.0,39.0,7.0
Gary Sanchez,MIL,31095,33.0,0.229,8.0,61.0,14.0,20.0,27.0,0.0
Brady House,WSH,4872681,111.0,0.244,10.0,164.0,24.0,50.0,48.0,10.0
Garrett Mitchell,MIL,4313442,60.0,0.234,7.0,100.0,31.0,40.0,22.0,13.0
Vaughn Grissom,LAA,42503,66.0,0.245,6.0,99.0,29.0,36.0,28.0,8.0
Carlos Santana,ARI,30280,82.0,0.223,11.0,130.0,41.0,42.0,47.0,5.0
Javier Sanoja,MIA,5073992,66.0,0.259,4.0,101.0,18.0,30.0,31.0,6.0
Bryce Eldridge,SF,5149064,76.0,0.226,12.0,128.0,36.0,27.0,50.0,1.0
CJ Kayfus,CLE,4719337,49.0,0.246,6.0,84.0,25.0,24.0,27.0,3.0
Luis Torrens,NYM,33805,55.0,0.242,5.0,84.0,18.0,21.0,26.0,1.0
Austin Martin,MIN,4297998,55.0,0.256,2.0,75.0,32.0,28.0,14.0,13.0
Jacob Young,WSH,4414210,63.0,0.253,2.0,81.0,19.0,30.0,23.0,12.0
Luke Raley,SEA,40422,65.0,0.223,13.0,119.0,23.0,41.0,38.0,4.0
Kristian Campbell,BOS,5201569,99.0,0.254,9.0,149.0,54.0,50.0,42.0,7.0
Daniel Schneemann,CLE,42001,81.0,0.215,10.0,133.0,47.0,44.0,41.0,10.0
Endy Rodriguez,PIT,4712767,55.0,0.224,4.0,83.0,25.0,30.0,21.0,0.0
Jake Bauers,MIL,35013,42.0,0.221,10.0,83.0,30.0,29.0,30.0,7.0
Matt Shaw,CHC,4867667,57.0,0.239,9.0,99.0,25.0,33.0,27.0,12.0
Paul Goldschmidt,NYY,31027,61.0,0.254,8.0,99.0,21.0,33.0,24.0,3.0
Gabriel Arias,CLE,40344,93.0,0.221,12.0,159.0,27.0,43.0,46.0,8.0
Connor Wong,BOS,40086,48.0,0.242,4.0,73.0,15.0,24.0,18.0,3.0
Joe Mack,MIA,4872695,12.0,0.222,2.0,21.0,5.0,7.0,7.0,1.0
Robert Hassell III,WSH,4684371,85.0,0.238,7.0,119.0,32.0,38.0,33.0,12.0
Jake Rogers,DET,39900,42.0,0.211,8.0,78.0,20.0,28.0,26.0,0.0
Pavin Smith,ARI,40767,75.0,0.234,12.0,132.0,54.0,42.0,41.0,2.0
Kody Clemens,MIN,41311,62.0,0.221,14.0,122.0,26.0,35.0,39.0,4.0
James McCann,ARI,32046,35.0,0.245,5.0,59.0,8.0,17.0,20.0,0.0
Nasim Nunez,WSH,4728688,49.0,0.218,3.0,63.0,30.0,31.0,22.0,19.0
Sung-Mun Song,SD,5329585,86.0,0.229,9.0,133.0,34.0,39.0,38.0,12.0
Richie Palacios,TB,41359,63.0,0.232,5.0,89.0,39.0,40.0,23.0,17.0
Jonah Heim,ATL,33842,14.0,0.233,2.0,22.0,4.0,6.0,8.0,0.0
Masataka Yoshida,BOS,4872598,85.0,0.273,8.0,129.0,20.0,36.0,45.0,5.0
Graham Pauley,MIA,4622931,59.0,0.211,8.0,100.0,31.0,30.0,27.0,4.0
JJ Bleday,CIN,42410,36.0,0.214,7.0,66.0,19.0,22.0,19.0,1.0
Randal Grichuk,NYY,31399,44.0,0.243,8.0,81.0,12.0,25.0,21.0,0.0
Kyle Karros,COL,5203102,101.0,0.249,5.0,153.0,53.0,52.0,26.0,2.0
Michael Massey,KC,4109223,71.0,0.237,8.0,110.0,14.0,28.0,29.0,2.0
Mitch Garver,SEA,33667,22.0,0.202,4.0,37.0,15.0,13.0,14.0,1.0
Davis Schneider,TOR,4997181,32.0,0.208,7.0,62.0,27.0,23.0,22.0,2.0
Zach Cole,HOU,5136815,37.0,0.218,6.0,70.0,21.0,22.0,22.0,10.0
Adam Frazier,LAA,33546,40.0,0.23,3.0,57.0,11.0,19.0,18.0,3.0
Tommy Pham,FA,31208,44.0,0.246,5.0,69.0,19.0,20.0,22.0,3.0
Carson Williams,TB,4872692,70.0,0.207,12.0,125.0,40.0,50.0,42.0,13.0
Romy Gonzalez,BOS,42826,65.0,0.279,7.0,105.0,13.0,32.0,39.0,5.0
Braxton Fulford,COL,5000931,32.0,0.256,4.0,56.0,13.0,15.0,16.0,2.0
Alan Roden,MIN,4424368,64.0,0.253,6.0,101.0,31.0,35.0,28.0,4.0
Yoan Moncada,LAA,33984,74.0,0.238,12.0,131.0,34.0,42.0,38.0,0.0
Matt Vierling,DET,41636,59.0,0.244,6.0,92.0,21.0,31.0,25.0,4.0
J.C. Escarra,NYY,41644,23.0,0.219,2.0,34.0,13.0,12.0,12.0,1.0
Rhys Hoskins,CLE,35291,51.0,0.226,8.0,86.0,30.0,26.0,35.0,2.0
Rob Refsnyder,SEA,33411,45.0,0.253,6.0,74.0,23.0,25.0,25.0,3.0
Yohel Pozo,STL,35675,27.0,0.237,3.0,42.0,4.0,10.0,13.0,0.0
Christian Vazquez,HOU,31389,17.0,0.195,2.0,26.0,6.0,7.0,8.0,0.0
Thomas Saggese,STL,4999876,79.0,0.247,6.0,114.0,25.0,37.0,34.0,4.0
Starling Marte,KC,30830,68.0,0.264,6.0,100.0,17.0,31.0,28.0,6.0
Griffin Conine,MIA,41295,30.0,0.254,4.0,48.0,15.0,17.0,18.0,0.0
Taylor Walls,TB,40576,58.0,0.206,4.0,88.0,32.0,38.0,33.0,15.0
Riley Adams,WSH,40655,38.0,0.213,5.0,60.0,14.0,19.0,17.0,1.0
Rafael Marchan,PHI,40816,18.0,0.222,1.0,24.0,9.0,7.0,8.0,0.0
Luis Matos,SF,4722941,34.0,0.23,4.0,54.0,10.0,16.0,17.0,3.0
Dane Myers,CIN,40048,55.0,0.237,6.0,80.0,20.0,29.0,26.0,14.0
Tyler Heineman,TOR,33142,28.0,0.228,2.0,41.0,16.0,19.0,14.0,2.0
Mike Tauchman,NYM,33956,19.0,0.235,2.0,29.0,12.0,11.0,10.0,0.0
Michael Conforto,CHC,33711,18.0,0.228,3.0,31.0,11.0,11.0,10.0,0.0
Anthony Santander,TOR,36084,48.0,0.218,11.0,92.0,26.0,29.0,32.0,0.0
Edmundo Sosa,PHI,33809,69.0,0.254,10.0,117.0,11.0,34.0,37.0,2.0
Joshua Baez,STL,4920835,44.0,0.219,6.0,71.0,27.0,21.0,24.0,23.0
Austin Wynns,OAK,35314,28.0,0.246,4.0,48.0,7.0,12.0,17.0,0.0
Jonny DeLuca,TB,5005912,39.0,0.217,4.0,64.0,15.0,21.0,16.0,12.0
Will Benson,CIN,39216,43.0,0.217,9.0,82.0,22.0,27.0,30.0,3.0
Dylan Moore,PHI,40593,40.0,0.194,9.0,78.0,22.0,33.0,25.0,14.0
Isiah Kiner-Falefa,BOS,33572,64.0,0.261,2.0,84.0,11.0,27.0,24.0,8.0
Denzel Clarke,OAK,4918085,30.0,0.221,2.0,47.0,15.0,18.0,11.0,8.0
Ryan Ritter,COL,5196606,66.0,0.255,7.0,109.0,27.0,32.0,28.0,6.0
Reese McGuire,MIL,33250,12.0,0.211,2.0,20.0,4.0,6.0,8.0,0.0
Ryan Mountcastle,BAL,34940,102.0,0.262,13.0,165.0,24.0,46.0,50.0,3.0
Luis Campusano,SD,40521,39.0,0.235,5.0,61.0,24.0,20.0,22.0,0.0
Myles Straw,TOR,39105,50.0,0.225,2.0,67.0,20.0,32.0,20.0,11.0
Jose Iglesias,FA,30382,64.0,0.25,3.0,85.0,16.0,27.0,28.0,4.0
Cesar Salazar,HOU,41907,14.0,0.197,1.0,19.0,11.0,6.0,7.0,0.0
Blaze Alexander,BAL,41345,48.0,0.223,5.0,74.0,21.0,23.0,24.0,6.0
Hyeseong Kim,LAD,5134614,83.0,0.231,6.0,120.0,25.0,40.0,35.0,18.0
Zack Gelof,OAK,4414531,79.0,0.215,13.0,139.0,44.0,49.0,38.0,12.0
James Outman,MIN,41802,45.0,0.204,9.0,87.0,31.0,32.0,29.0,6.0
Edouard Julien,COL,3985190,82.0,0.232,10.0,129.0,61.0,40.0,32.0,3.0
Jacob Stallings,FA,34089,31.0,0.19,2.0,45.0,14.0,12.0,15.0,0.0
Miguel Rojas,LAD,30791,58.0,0.257,4.0,83.0,17.0,28.0,22.0,4.0
Ramon Urias,STL,40610,46.0,0.245,5.0,70.0,14.0,20.0,23.0,2.0
Jeferson Quero,MIL,4917867,19.0,0.218,2.0,29.0,10.0,9.0,11.0,1.0
Nathaniel Lowe,CIN,40538,55.0,0.222,8.0,91.0,29.0,28.0,35.0,0.0
Drew Gilbert,SF,4619467,18.0,0.22,2.0,27.0,10.0,9.0,9.0,1.0
Andrew McCutchen,TEX,28701,45.0,0.239,7.0,74.0,27.0,22.0,21.0,0.0
Triston Casas,BOS,41180,59.0,0.243,13.0,113.0,36.0,33.0,36.0,0.0
Korey Lee,CWS,4418346,26.0,0.228,3.0,39.0,7.0,12.0,10.0,1.0
Darell Hernaiz,OAK,43025,55.0,0.251,2.0,75.0,23.0,23.0,19.0,5.0
Alex Call,LAD,38994,35.0,0.246,3.0,51.0,21.0,20.0,17.0,2.0
Jhostynxon Garcia,PIT,5136931,14.0,0.25,2.0,22.0,5.0,7.0,6.0,1.0
Blake Perkins,MIL,36974,32.0,0.221,3.0,49.0,18.0,22.0,16.0,7.0
Austin Hedges,CLE,32168,21.0,0.164,3.0,33.0,12.0,11.0,10.0,1.0
Troy Johnston,COL,4346111,20.0,0.244,2.0,32.0,7.0,10.0,9.0,3.0
Colby Thomas,OAK,4662616,28.0,0.228,4.0,48.0,10.0,15.0,16.0,3.0
Max Kepler,FA,31870,37.0,0.236,6.0,62.0,16.0,21.0,19.0,1.0
Andrew Knizner,SEA,36170,12.0,0.222,1.0,17.0,6.0,6.0,6.0,0.0
Esteury Ruiz,MIA,39680,44.0,0.235,4.0,67.0,23.0,27.0,18.0,31.0
Andres Chaparro,WSH,42949,59.0,0.222,10.0,103.0,32.0,28.0,34.0,1.0
Travis d'Arnaud,LAA,29951,45.0,0.215,8.0,80.0,14.0,20.0,25.0,0.0
Jahmai Jones,DET,34958,36.0,0.24,5.0,64.0,24.0,22.0,20.0,4.0
Eric Wagaman,MIN,4987650,61.0,0.254,6.0,97.0,16.0,28.0,27.0,2.0
Mickey Gasper,BOS,5132012,12.0,0.222,1.0,18.0,8.0,7.0,5.0,1.0
Thairo Estrada,BAL,36485,21.0,0.236,2.0,31.0,3.0,9.0,10.0,1.0
David Fry,CLE,41672,37.0,0.215,10.0,74.0,16.0,20.0,25.0,2.0
Jorge Mateo,ATL,33832,20.0,0.222,2.0,31.0,5.0,15.0,8.0,17.0
Chris Taylor,LAA,32900,29.0,0.206,4.0,47.0,13.0,19.0,18.0,3.0
Jeremiah Jackson,BAL,41264,25.0,0.227,3.0,40.0,6.0,10.0,11.0,1.0
Jerar Encarnacion,SF,42623,45.0,0.216,8.0,76.0,23.0,21.0,29.0,4.0
Cody Freeman,TEX,42925,26.0,0.257,3.0,41.0,7.0,13.0,13.0,2.0
Jesus Rodriguez,SF,5015255,14.0,0.275,1.0,19.0,6.0,6.0,5.0,2.0
Everson Pereira,CWS,41252,16.0,0.208,4.0,30.0,9.0,12.0,12.0,3.0
Adael Amador,COL,4917787,25.0,0.25,2.0,38.0,14.0,9.0,10.0,4.0
Tim Tawa,ARI,4345192,41.0,0.211,6.0,70.0,21.0,22.0,19.0,7.0
Jimmy Crooks,STL,4749675,19.0,0.232,2.0,28.0,7.0,8.0,11.0,0.0
Dominic Smith,ATL,33218,46.0,0.232,5.0,70.0,17.0,22.0,23.0,2.0
Nick Loftin,KC,4314013,36.0,0.234,3.0,54.0,22.0,16.0,17.0,2.0
Tom Murphy,FA,33225,15.0,0.263,3.0,28.0,4.0,7.0,7.0,0.0
Walker Jenkins,MIN,5148963,42.0,0.266,3.0,63.0,26.0,22.0,13.0,9.0
Adrian Del Castillo,ARI,41464,33.0,0.228,4.0,55.0,17.0,15.0,17.0,0.0
Austin Barnes,NYM,32856,11.0,0.212,0.0,12.0,5.0,5.0,3.0,0.0
Casey Schmitt,SF,4301949,19.0,0.232,3.0,32.0,7.0,9.0,11.0,0.0
Sam Haggerty,TEX,38347,23.0,0.24,1.0,31.0,11.0,14.0,8.0,8.0
Ben Rortvedt,NYM,40869,15.0,0.188,1.0,21.0,10.0,7.0,7.0,0.0
Eli White,ATL,39963,44.0,0.229,6.0,73.0,15.0,30.0,23.0,8.0
Otto Kemp,PHI,5136835,52.0,0.237,8.0,91.0,21.0,29.0,31.0,5.0
Drew Millas,WSH,4228448,18.0,0.231,1.0,26.0,7.0,8.0,8.0,3.0
Dylan Carlson,CHC,39226,30.0,0.213,3.0,46.0,18.0,14.0,14.0,2.0
Ty France,SD,35591,29.0,0.254,3.0,44.0,7.0,13.0,13.0,0.0
Bryce Johnson,SD,42056,30.0,0.204,1.0,41.0,17.0,15.0,10.0,7.0
Ezequiel Duran,TEX,42457,62.0,0.242,5.0,94.0,12.0,29.0,22.0,13.0
Amed Rosario,NYY,33215,25.0,0.266,2.0,36.0,4.0,10.0,10.0,1.0
Justyn-Henry Malloy,TB,4718623,23.0,0.223,3.0,38.0,20.0,13.0,14.0,1.0
Alex Jackson,MIN,33707,11.0,0.208,2.0,20.0,5.0,8.0,6.0,0.0
John Rave,KC,4418140,30.0,0.226,3.0,47.0,19.0,18.0,12.0,7.0
MJ Melendez,NYM,40948,45.0,0.206,8.0,84.0,18.0,23.0,20.0,4.0
Nolan Jones,CLE,37340,48.0,0.222,6.0,78.0,29.0,23.0,24.0,5.0
LaMonte Wade Jr.,CWS,37798,17.0,0.224,2.0,26.0,14.0,9.0,8.0,0.0
David Hamilton,MIL,42987,36.0,0.208,6.0,62.0,19.0,27.0,18.0,24.0
Kevin Alcantara,CHC,42500,51.0,0.229,6.0,80.0,25.0,23.0,25.0,7.0
Oswald Peraza,LAA,42479,26.0,0.19,4.0,42.0,13.0,17.0,14.0,7.0
Johnathan Rodriguez,CLE,41349,21.0,0.244,3.0,34.0,11.0,9.0,11.0,1.0
Jhonny Pereda,SEA,40702,19.0,0.226,1.0,26.0,12.0,7.0,7.0,0.0
Johan Rojas,PHI,42829,41.0,0.244,2.0,57.0,11.0,21.0,16.0,12.0
Charlie Condon,COL,5033089,30.0,0.24,6.0,59.0,15.0,13.0,19.0,1.0
Austin Slater,DET,35265,26.0,0.234,3.0,40.0,14.0,17.0,11.0,1.0
